Jahr;Geschlecht;Vorname;Anzahl
2005;Mädchen;Leonie;58
2005;Mädchen;Sarah;40
2005;Mädchen;Laura;38
2005;Mädchen;Julia;35
2005;Mädchen;Hannah;32
2005;Mädchen;Lea;31
2005;Mädchen;Anna;27
2005;Mädchen;Sophia;27
2005;Mädchen;Lena;25
2005;Mädchen;Angelina;23
2005;Mädchen;Lisa;23
2005;Mädchen;Chiara;21
2005;Mädchen;Anna-Lena;20
2005;Mädchen;Aylin;20
2005;Mädchen;Elena;19
2005;Mädchen;Emilia;19
2005;Mädchen;Jana;19
2005;Mädchen;Katharina;19
2005;Mädchen;Nina;19
2005;Mädchen;Emma;18
2005;Mädchen;Selina;17
2005;Mädchen;Lara;16
2005;Mädchen;Magdalena;16
2005;Mädchen;Theresa;15
2005;Mädchen;Viktoria;13
2005;Mädchen;Fabienne;12
2005;Mädchen;Lina;12
2005;Mädchen;Clara;11
2005;Mädchen;Linda;11
2005;Mädchen;Michelle;11
2005;Mädchen;Valentina;11
2005;Mädchen;Alina;10
2005;Mädchen;Franziska;10
2005;Mädchen;Johanna;10
2005;Mädchen;Marie;10
2005;Mädchen;Tabea;10
2005;Mädchen;Vanessa;10
2005;Mädchen;Emily;9
2005;Mädchen;Eva;9
2005;Mädchen;Azra;8
2005;Mädchen;Christina;8
2005;Mädchen;Ida;8
2005;Mädchen;Lilly;8
2005;Mädchen;Lorena;8
2005;Mädchen;Melanie;8
2005;Mädchen;Sabrina;8
2005;Mädchen;Amelie;7
2005;Mädchen;Anja;7
2005;Mädchen;Annika;7
2005;Mädchen;Pia;7
2005;Mädchen;Rebecca;7
2005;Mädchen;Ronja;7
2005;Mädchen;Stefanie;7
2005;Mädchen;Antonia;6
2005;Mädchen;Dilara;6
2005;Mädchen;Elif;6
2005;Mädchen;Elisa;6
2005;Mädchen;Ilayda;6
2005;Mädchen;Luisa;6
2005;Mädchen;Madeleine;6
2006;Mädchen;Lena;43
2006;Mädchen;Leonie;40
2006;Mädchen;Anna;37
2006;Mädchen;Hannah;31
2006;Mädchen;Julia;28
2006;Mädchen;Sophia;28
2006;Mädchen;Sarah;27
2006;Mädchen;Laura;26
2006;Mädchen;Lea;25
2006;Mädchen;Emma;22
2006;Mädchen;Lara;21
2006;Mädchen;Lisa;21
2006;Mädchen;Elena;19
2006;Mädchen;Magdalena;19
2006;Mädchen;Angelina;18
2006;Mädchen;Jana;17
2006;Mädchen;Clara;16
2006;Mädchen;Chiara;15
2006;Mädchen;Nina;15
2006;Mädchen;Selina;15
2006;Mädchen;Anna-Lena;14
2006;Mädchen;Johanna;14
2006;Mädchen;Lina;13
2006;Mädchen;Emily;12
2006;Mädchen;Fabienne;12
2006;Mädchen;Katharina;12
2006;Mädchen;Michelle;12
2006;Mädchen;Sophie;12
2006;Mädchen;Theresa;12
2006;Mädchen;Alina;11
2006;Mädchen;Amelie;11
2006;Mädchen;Emilia;11
2006;Mädchen;Mia;11
2006;Mädchen;Larissa;10
2006;Mädchen;Pia;10
2006;Mädchen;Vanessa;10
2006;Mädchen;Annika;9
2006;Mädchen;Antonia;9
2006;Mädchen;Eva;9
2006;Mädchen;Linda;9
2006;Mädchen;Paula;9
2006;Mädchen;Aylin;8
2006;Mädchen;Elisa;8
2006;Mädchen;Miriam;8
2006;Mädchen;Sabrina;8
2006;Mädchen;Anja;7
2006;Mädchen;Isabel;7
2006;Mädchen;Isabella;7
2006;Mädchen;Jasmin;7
2006;Mädchen;Lilly;7
2006;Mädchen;Lorena;7
2006;Mädchen;Luisa;7
2006;Mädchen;Maria;7
2006;Mädchen;Marie;7
2006;Mädchen;Melanie;7
2006;Mädchen;Natalie;7
2006;Mädchen;Rebecca;7
2006;Mädchen;Stella;7
2006;Mädchen;Valentina;7
2006;Mädchen;Anika;6
2007;Mädchen;Anna;43
2007;Mädchen;Hannah;35
2007;Mädchen;Lena;35
2007;Mädchen;Leonie;32
2007;Mädchen;Julia;27
2007;Mädchen;Sarah;24
2007;Mädchen;Lea;23
2007;Mädchen;Emma;22
2007;Mädchen;Laura;22
2007;Mädchen;Sophia;22
2007;Mädchen;Johanna;21
2007;Mädchen;Katharina;21
2007;Mädchen;Mia;21
2007;Mädchen;Pia;21
2007;Mädchen;Angelina;20
2007;Mädchen;Lina;20
2007;Mädchen;Lara;19
2007;Mädchen;Valentina;19
2007;Mädchen;Alina;17
2007;Mädchen;Emily;17
2007;Mädchen;Elena;16
2007;Mädchen;Lisa;16
2007;Mädchen;Selina;15
2007;Mädchen;Amelie;14
2007;Mädchen;Jana;14
2007;Mädchen;Nina;14
2007;Mädchen;Anna-Lena;13
2007;Mädchen;Chiara;13
2007;Mädchen;Christina;12
2007;Mädchen;Maria;12
2007;Mädchen;Lorena;11
2007;Mädchen;Clara;10
2007;Mädchen;Paula;10
2007;Mädchen;Theresa;10
2007;Mädchen;Annika;9
2007;Mädchen;Aylin;9
2007;Mädchen;Madeleine;9
2007;Mädchen;Magdalena;9
2007;Mädchen;Maja;9
2007;Mädchen;Natalie;9
2007;Mädchen;Sophie;9
2007;Mädchen;Alena;8
2007;Mädchen;Aleyna;8
2007;Mädchen;Azra;8
2007;Mädchen;Emilia;8
2007;Mädchen;Michelle;8
2007;Mädchen;Miriam;8
2007;Mädchen;Sude;8
2007;Mädchen;Tabea;8
2007;Mädchen;Elif;7
2007;Mädchen;Elisa;7
2007;Mädchen;Ida;7
2007;Mädchen;Kimberly;7
2007;Mädchen;Marie;7
2007;Mädchen;Melisa;7
2007;Mädchen;Alissa;6
2007;Mädchen;Aurelia;6
2007;Mädchen;Beyza;6
2007;Mädchen;Ela;6
2007;Mädchen;Irem;6
2008;Mädchen;Sarah;37
2008;Mädchen;Anna;36
2008;Mädchen;Lena;30
2008;Mädchen;Leonie;30
2008;Mädchen;Hannah;26
2008;Mädchen;Laura;22
2008;Mädchen;Johanna;21
2008;Mädchen;Katharina;21
2008;Mädchen;Mia;21
2008;Mädchen;Julia;20
2008;Mädchen;Lea;20
2008;Mädchen;Sophia;18
2008;Mädchen;Lina;17
2008;Mädchen;Amelie;16
2008;Mädchen;Emilia;16
2008;Mädchen;Emma;16
2008;Mädchen;Jana;16
2008;Mädchen;Lara;16
2008;Mädchen;Elisa;15
2008;Mädchen;Magdalena;15
2008;Mädchen;Marie;14
2008;Mädchen;Valentina;14
2008;Mädchen;Nina;13
2008;Mädchen;Pia;13
2008;Mädchen;Angelina;12
2008;Mädchen;Elena;12
2008;Mädchen;Emily;12
2008;Mädchen;Paula;12
2008;Mädchen;Selina;12
2008;Mädchen;Sophie;12
2008;Mädchen;Chiara;11
2008;Mädchen;Linda;11
2008;Mädchen;Alina;10
2008;Mädchen;Ida;10
2008;Mädchen;Lisa;10
2008;Mädchen;Luisa;10
2008;Mädchen;Maria;10
2008;Mädchen;Ela;9
2008;Mädchen;Eva;9
2008;Mädchen;Lilly;9
2008;Mädchen;Aylin;8
2008;Mädchen;Clara;8
2008;Mädchen;Lorena;8
2008;Mädchen;Natalie;8
2008;Mädchen;Theresa;8
2008;Mädchen;Ceylin;7
2008;Mädchen;Ecrin;7
2008;Mädchen;Leni;7
2008;Mädchen;Lucia;7
2008;Mädchen;Paulina;7
2008;Mädchen;Viktoria;7
2008;Mädchen;Zoe;7
2008;Mädchen;Aleyna;6
2008;Mädchen;Annika;6
2008;Mädchen;Azra;6
2008;Mädchen;Carla;6
2008;Mädchen;Isabella;6
2008;Mädchen;Larissa;6
2008;Mädchen;Melanie;6
2008;Mädchen;Amy;5
2009;Mädchen;Johanna;33
2009;Mädchen;Lena;33
2009;Mädchen;Hannah;32
2009;Mädchen;Laura;28
2009;Mädchen;Sophia;27
2009;Mädchen;Katharina;26
2009;Mädchen;Mia;24
2009;Mädchen;Sarah;24
2009;Mädchen;Emma;23
2009;Mädchen;Anna;21
2009;Mädchen;Lara;21
2009;Mädchen;Lea;20
2009;Mädchen;Emilia;16
2009;Mädchen;Julia;16
2009;Mädchen;Leonie;16
2009;Mädchen;Marie;16
2009;Mädchen;Theresa;15
2009;Mädchen;Amelie;14
2009;Mädchen;Angelina;14
2009;Mädchen;Lisa;14
2009;Mädchen;Pia;14
2009;Mädchen;Anna-Lena;13
2009;Mädchen;Clara;13
2009;Mädchen;Ida;13
2009;Mädchen;Lilly;13
2009;Mädchen;Lina;13
2009;Mädchen;Magdalena;13
2009;Mädchen;Jana;12
2009;Mädchen;Sophie;12
2009;Mädchen;Valentina;12
2009;Mädchen;Aylin;11
2009;Mädchen;Eva;11
2009;Mädchen;Lorena;11
2009;Mädchen;Paula;11
2009;Mädchen;Vanessa;11
2009;Mädchen;Alina;10
2009;Mädchen;Elena;10
2009;Mädchen;Larissa;10
2009;Mädchen;Linda;10
2009;Mädchen;Melina;9
2009;Mädchen;Selina;9
2009;Mädchen;Emely;8
2009;Mädchen;Luisa;8
2009;Mädchen;Matilda;8
2009;Mädchen;Natalie;8
2009;Mädchen;Nina;8
2009;Mädchen;Paulina;8
2009;Mädchen;Ronja;8
2009;Mädchen;Annika;7
2009;Mädchen;Chiara;7
2009;Mädchen;Christina;7
2009;Mädchen;Elisa;7
2009;Mädchen;Ella;7
2009;Mädchen;Emily;7
2009;Mädchen;Maja;7
2009;Mädchen;Rosa;7
2009;Mädchen;Tabea;7
2009;Mädchen;Alexandra;6
2009;Mädchen;Azra;6
2009;Mädchen;Berra;6
2010;Mädchen;Sarah*;34
2010;Mädchen;Sophia*;33
2010;Mädchen;Emma*;31
2010;Mädchen;Laura*;30
2010;Mädchen;Lena*;30
2010;Mädchen;Hannah*;28
2010;Mädchen;Anna*;27
2010;Mädchen;Leonie*;27
2010;Mädchen;Julia*;24
2010;Mädchen;Lara*;24
2010;Mädchen;Lea*;24
2010;Mädchen;Mia*;24
2010;Mädchen;Lina*;23
2010;Mädchen;Johanna*;22
2010;Mädchen;Emily*;21
2010;Mädchen;Jana*;21
2010;Mädchen;Ella*;20
2010;Mädchen;Luisa*;18
2010;Mädchen;Lilly*;17
2010;Mädchen;Marie*;17
2010;Mädchen;Pia*;17
2010;Mädchen;Amelie*;16
2010;Mädchen;Lisa*;16
2010;Mädchen;Paula*;16
2010;Mädchen;Sophie*;16
2010;Mädchen;Emilia*;15
2010;Mädchen;Mathilda*;15
2010;Mädchen;Theresa*;14
2010;Mädchen;Valentina*;14
2010;Mädchen;Ecrin*;13
2010;Mädchen;Ida*;13
2010;Mädchen;Katharina*;13
2010;Mädchen;Leni*;13
2010;Mädchen;Nina*;13
2010;Mädchen;Selina*;13
2010;Mädchen;Chiara*;12
2010;Mädchen;Magdalena*;12
2010;Mädchen;Elena*;11
2010;Mädchen;Maya*;11
2010;Mädchen;Rosa*;11
2010;Mädchen;Viktoria*;11
2010;Mädchen;Elisa*;10
2010;Mädchen;Maria*;10
2010;Mädchen;Isabella*;9
2010;Mädchen;Klara*;9
2010;Mädchen;Valerie*;9
2010;Mädchen;Zoe*;9
2010;Mädchen;Angelina*;8
2010;Mädchen;Clara*;8
2010;Mädchen;Elif*;8
2010;Mädchen;Isabell*;8
2010;Mädchen;Eva*;7
2010;Mädchen;Lia*;7
2010;Mädchen;Melina*;7
2010;Mädchen;Michelle*;7
2010;Mädchen;Miriam*;7
2010;Mädchen;Olivia*;7
2010;Mädchen;Vanessa*;7
2010;Mädchen;Anika*;6
2010;Mädchen;Annika*;6
2010;Mädchen;Aurelia*;6
2010;Mädchen;Christina*;6
2010;Mädchen;Elina*;6
2010;Mädchen;Larissa*;6
2010;Mädchen;Maja*;6
2010;Mädchen;Noemi*;6
2010;Mädchen;Ronja*;6
2010;Mädchen;Selin*;6
2010;Mädchen;Tabea*;6
2010;Mädchen;Tuana*;6
2010;Mädchen;Yagmur;6
2010;Mädchen;Alisa*;5
2010;Mädchen;Anja*;5
2010;Mädchen;Damla*;5
2010;Mädchen;Franziska*;5
2010;Mädchen;Frida*;5
2010;Mädchen;Livia*;5
2010;Mädchen;Natalie*;5
2010;Mädchen;Nisa*;5
2010;Mädchen;Rebecca*;5
2010;Mädchen;Rem;5
2010;Mädchen;Zeynep*;5
2010;Knaben;Elias*;43
2010;Knaben;David*;40
2010;Knaben;Jakob*;33
2010;Knaben;Alexander*;30
2010;Knaben;Julian*;29
2010;Knaben;Leon*;29
2010;Knaben;Niklas*;29
2010;Knaben;Maximilian*;28
2010;Knaben;Noah*;28
2010;Knaben;Luca*;27
2010;Knaben;Lukas*;27
2010;Knaben;Raphael*;26
2010;Knaben;Samuel*;25
2010;Knaben;Gabriel*;24
2010;Knaben;Tobias*;24
2010;Knaben;Luis*;23
2010;Knaben;Felix*;22
2010;Knaben;Linus*;22
2010;Knaben;Jonas*;21
2010;Knaben;Paul*;21
2010;Knaben;Laurin*;20
2010;Knaben;Simon*;20
2010;Knaben;Matteo*;19
2010;Knaben;Nico*;19
2010;Knaben;Kilian*;18
2010;Knaben;Lorenz*;17
2010;Knaben;Muhammed*;17
2010;Knaben;Fabian*;15
2010;Knaben;Johannes*;15
2010;Knaben;Benjamin*;14
2010;Knaben;Daniel*;14
2010;Knaben;Michael*;14
2010;Knaben;Valentin*;14
2010;Knaben;Adrian*;13
2010;Knaben;Sebastian*;13
2010;Knaben;Ben*;12
2010;Knaben;Dominik*;12
2010;Knaben;Vincent*;12
2010;Knaben;Levin*;11
2010;Knaben;Moritz*;11
2010;Knaben;Arda*;10
2010;Knaben;Finn*;10
2010;Knaben;Liam*;10
2010;Knaben;Marc*;10
2010;Knaben;Max*;10
2010;Knaben;Mert*;10
2010;Knaben;Noel*;10
2010;Knaben;Eliah*;9
2010;Knaben;Robin*;9
2010;Knaben;Ahmet*;8
2010;Knaben;Fabio*;8
2010;Knaben;Florian*;8
2010;Knaben;Jonathan*;8
2010;Knaben;Philipp*;8
2010;Knaben;Tim*;8
2010;Knaben;Timo*;8
2010;Knaben;Ali*;7
2010;Knaben;Christoph*;7
2010;Knaben;Eymen*;7
2010;Knaben;Jan*;7
2010;Knaben;Joel*;7
2010;Knaben;Marcel*;7
2010;Knaben;Mehmed*;7
2010;Knaben;Ömer*;7
2010;Knaben;Aaron*;6
2010;Knaben;Benedikt*;6
2010;Knaben;Clemens*;6
2010;Knaben;Emil*;6
2010;Knaben;Emir*;6
2010;Knaben;Erik*;6
2010;Knaben;Jason*;6
2010;Knaben;Josef*;6
2010;Knaben;Justin*;6
2010;Knaben;Manuel*;6
2010;Knaben;Marco*;6
2010;Knaben;Martin*;6
2010;Knaben;Pascal*;6
2010;Knaben;Philip;6
2010;Knaben;Stefan*;6
2010;Knaben;Theo*;6
2010;Knaben;Andre*;5
2010;Knaben;Anton*;5
2010;Knaben;Aron*;5
2010;Knaben;Enes*;5
2010;Knaben;Ensar*;5
2010;Knaben;Hüseyin*;5
2010;Knaben;Jamie*;5
2010;Knaben;Jona*;5
2010;Knaben;Joshua*;5
2010;Knaben;Laurenz*;5
2010;Knaben;Leonard*;5
2010;Knaben;Marlon*;5
2010;Knaben;Mathias*;5
2010;Knaben;Mikail*;5
2010;Knaben;Mustafa*;5
2010;Knaben;Sandro*;5
2010;Knaben;Theodor*;5
2010;Knaben;Thomas*;5
2010;Knaben;Yusuf*;5
2011;Mädchen;Anna*;42
2011;Mädchen;Emma*;37
2011;Mädchen;Johanna*;36
2011;Mädchen;Leonie*;34
2011;Mädchen;Laura*;31
2011;Mädchen;Mia*;29
2011;Mädchen;Hannah*;26
2011;Mädchen;Sophia*;25
2011;Mädchen;Emily*;23
2011;Mädchen;Lea*;23
2011;Mädchen;Sarah*;23
2011;Mädchen;Emilia*;22
2011;Mädchen;Lena*;22
2011;Mädchen;Amelie*;20
2011;Mädchen;Julia*;20
2011;Mädchen;Isabella*;19
2011;Mädchen;Lina*;19
2011;Mädchen;Marie*;19
2011;Mädchen;Luisa*;18
2011;Mädchen;Ella*;16
2011;Mädchen;Katharina*;16
2011;Mädchen;Sophie*;16
2011;Mädchen;Valentina*;15
2011;Mädchen;Jana*;14
2011;Mädchen;Lara*;14
2011;Mädchen;Lia*;14
2011;Mädchen;Lisa*;14
2011;Mädchen;Annika*;13
2011;Mädchen;Ida*;13
2011;Mädchen;Nina*;13
2011;Mädchen;Selina*;13
2011;Mädchen;Theresa*;13
2011;Mädchen;Paula*;12
2011;Mädchen;Alina*;11
2011;Mädchen;Elif*;11
2011;Mädchen;Lilly*;11
2011;Mädchen;Viktoria*;11
2011;Mädchen;Elina*;10
2011;Mädchen;Larissa*;10
2011;Mädchen;Mathilda*;10
2011;Mädchen;Maya*;10
2011;Mädchen;Nora*;10
2011;Mädchen;Elena*;9
2011;Mädchen;Leni*;9
2011;Mädchen;Linda*;9
2011;Mädchen;Melina*;9
2011;Mädchen;Anika*;8
2011;Mädchen;Chiara*;8
2011;Mädchen;Clara*;8
2011;Mädchen;Ecrin*;8
2011;Mädchen;Elisa*;8
2011;Mädchen;Franziska*;8
2011;Mädchen;Greta*;8
2011;Mädchen;Klara*;8
2011;Mädchen;Magdalena*;8
2011;Mädchen;Maria*;8
2011;Mädchen;Paulina*;8
2011;Mädchen;Pia*;8
2011;Mädchen;Amy*;7
2011;Mädchen;Aylin*;7
2011;Mädchen;Livia*;7
2011;Mädchen;Maja*;7
2011;Mädchen;Tabea*;7
2011;Mädchen;Angelina*;6
2011;Mädchen;Annalena*;6
2011;Mädchen;Aurelia*;6
2011;Mädchen;Flora*;6
2011;Mädchen;Frida*;6
2011;Mädchen;Helena*;6
2011;Mädchen;Jasmin*;6
2011;Mädchen;Miriam*;6
2011;Mädchen;Mona*;6
2011;Mädchen;Ronja*;6
2011;Mädchen;Zeynep*;6
2011;Mädchen;Amina*;5
2011;Mädchen;Antonia*;5
2011;Mädchen;Azra*;5
2011;Mädchen;Celine*;5
2011;Mädchen;Cheyenne;5
2011;Mädchen;Eda*;5
2011;Mädchen;Esila*;5
2011;Mädchen;Kayra;5
2011;Mädchen;Lorena*;5
2011;Mädchen;Olivia*;5
2011;Knaben;Noah*;41
2011;Knaben;Jakob*;37
2011;Knaben;Lukas*;37
2011;Knaben;Raphael*;32
2011;Knaben;David*;31
2011;Knaben;Jonas*;30
2011;Knaben;Luis*;30
2011;Knaben;Elias*;29
2011;Knaben;Tobias*;26
2011;Knaben;Niklas*;25
2011;Knaben;Leon*;24
2011;Knaben;Julian*;22
2011;Knaben;Samuel*;22
2011;Knaben;Moritz*;20
2011;Knaben;Felix*;19
2011;Knaben;Luca*;19
2011;Knaben;Maximilian*;19
2011;Knaben;Alexander*;18
2011;Knaben;Gabriel*;18
2011;Knaben;Noel*;17
2011;Knaben;Valentin*;17
2011;Knaben;Sebastian*;16
2011;Knaben;Simon*;16
2011;Knaben;Ben*;15
2011;Knaben;Dominik*;15
2011;Knaben;Finn*;15
2011;Knaben;Linus*;15
2011;Knaben;Matteo*;15
2011;Knaben;Paul*;15
2011;Knaben;Fabian*;14
2011;Knaben;Kilian*;14
2011;Knaben;Nico*;13
2011;Knaben;Pius*;13
2011;Knaben;Laurin*;12
2011;Knaben;Manuel*;12
2011;Knaben;Michael*;12
2011;Knaben;Fabio*;11
2011;Knaben;Eymen*;10
2011;Knaben;Florian*;10
2011;Knaben;Mert*;10
2011;Knaben;Muhammed*;10
2011;Knaben;Aras*;9
2011;Knaben;Benjamin*;9
2011;Knaben;Leo*;9
2011;Knaben;Levin*;9
2011;Knaben;Mikail*;9
2011;Knaben;Emir*;8
2011;Knaben;Jonathan*;8
2011;Knaben;Liam*;8
2011;Knaben;Aaron*;7
2011;Knaben;Adrian*;7
2011;Knaben;Benedikt*;7
2011;Knaben;Daniel*;7
2011;Knaben;Efe;7
2011;Knaben;Johannes*;7
2011;Knaben;Lorenz*;7
2011;Knaben;Mathias*;7
2011;Knaben;Max*;7
2011;Knaben;Philipp*;7
2011;Knaben;Theo*;7
2011;Knaben;Timo*;7
2011;Knaben;Vincent*;7
2011;Knaben;Burak*;6
2011;Knaben;Eliah*;6
2011;Knaben;Enes*;6
2011;Knaben;Jona*;6
2011;Knaben;Julius*;6
2011;Knaben;Justin*;6
2011;Knaben;Leander*;6
2011;Knaben;Lennox*;6
2011;Knaben;Marius*;6
2011;Knaben;Oliver*;6
2011;Knaben;Ömer*;6
2011;Knaben;Robin*;6
2011;Knaben;Ryan*;6
2011;Knaben;Theodor*;6
2011;Knaben;Tim*;6
2011;Knaben;Alessandro*;5
2011;Knaben;Ali*;5
2011;Knaben;Anton*;5
2011;Knaben;Deniz*;5
2011;Knaben;Emil*;5
2011;Knaben;Kerim;5
2011;Knaben;Laurenz*;5
2011;Knaben;Leandro*;5
2011;Knaben;Leonhard*;5
2011;Knaben;Leopold*;5
2011;Knaben;Marc*;5
2011;Knaben;Marlon*;5
2011;Knaben;Mehmed*;5
2011;Knaben;Oskar*;5
2011;Knaben;Silas*;5
2011;Knaben;Stefan*;5
2012;Mädchen;Anna*;35
2012;Mädchen;Lina*;34
2012;Mädchen;Hannah*;31
2012;Mädchen;Emma*;29
2012;Mädchen;Lena*;29
2012;Mädchen;Mia*;29
2012;Mädchen;Leonie*;26
2012;Mädchen;Valentina*;25
2012;Mädchen;Ella*;24
2012;Mädchen;Lea*;24
2012;Mädchen;Sophia*;24
2012;Mädchen;Emilia*;23
2012;Mädchen;Amelie*;22
2012;Mädchen;Johanna*;22
2012;Mädchen;Laura*;22
2012;Mädchen;Luisa*;22
2012;Mädchen;Julia*;20
2012;Mädchen;Pia*;20
2012;Mädchen;Sarah*;20
2012;Mädchen;Marie*;19
2012;Mädchen;Ida*;18
2012;Mädchen;Emily*;17
2012;Mädchen;Jana*;17
2012;Mädchen;Sophie*;15
2012;Mädchen;Annika*;14
2012;Mädchen;Linda*;14
2012;Mädchen;Magdalena*;14
2012;Mädchen;Lara*;13
2012;Mädchen;Rosa*;13
2012;Mädchen;Alina*;12
2012;Mädchen;Klara*;12
2012;Mädchen;Lisa*;12
2012;Mädchen;Lia*;11
2012;Mädchen;Zeynep*;11
2012;Mädchen;Zoe*;11
2012;Mädchen;Azra*;10
2012;Mädchen;Elena*;10
2012;Mädchen;Katharina*;10
2012;Mädchen;Livia*;10
2012;Mädchen;Maria*;10
2012;Mädchen;Nina*;10
2012;Mädchen;Chiara*;9
2012;Mädchen;Esila*;9
2012;Mädchen;Isabella*;9
2012;Mädchen;Viktoria*;9
2012;Mädchen;Angelina*;8
2012;Mädchen;Aurelia*;8
2012;Mädchen;Franziska*;8
2012;Mädchen;Lilly*;8
2012;Mädchen;Lorena*;8
2012;Mädchen;Mathilda*;8
2012;Mädchen;Olivia*;8
2012;Mädchen;Paulina*;8
2012;Mädchen;Anika*;7
2012;Mädchen;Annalena*;7
2012;Mädchen;Aylin*;7
2012;Mädchen;Helena*;7
2012;Mädchen;Maya*;7
2012;Mädchen;Ronja*;7
2012;Mädchen;Selina*;7
2012;Mädchen;Theresa*;7
2012;Mädchen;Amy*;6
2012;Mädchen;Antonia*;6
2012;Mädchen;Eva*;6
2012;Mädchen;Flora*;6
2012;Mädchen;Lana*;6
2012;Mädchen;Lotta*;6
2012;Mädchen;Melina*;6
2012;Mädchen;Michelle*;6
2012;Mädchen;Mina*;6
2012;Mädchen;Nisa*;6
2012;Mädchen;Paula*;6
2012;Mädchen;Valerie*;6
2012;Mädchen;Vivien*;6
2012;Mädchen;Ana*;5
2012;Mädchen;Annabell*;5
2012;Mädchen;Belinay;5
2012;Mädchen;Clara*;5
2012;Mädchen;Elif*;5
2012;Mädchen;Elina*;5
2012;Mädchen;Elisa*;5
2012;Mädchen;Fabienne*;5
2012;Mädchen;Felicitas*;5
2012;Mädchen;Hatice*;5
2012;Mädchen;Irem;5
2012;Mädchen;Leni*;5
2012;Mädchen;Nora*;5
2012;Mädchen;Tabea*;5
2012;Mädchen;Vanessa*;5
2012;Knaben;Luca*;44
2012;Knaben;Elias*;36
2012;Knaben;Jakob*;36
2012;Knaben;Luis*;35
2012;Knaben;Lukas*;34
2012;Knaben;Noah*;34
2012;Knaben;David*;31
2012;Knaben;Felix*;30
2012;Knaben;Samuel*;30
2012;Knaben;Raphael*;28
2012;Knaben;Jonas*;27
2012;Knaben;Leon*;27
2012;Knaben;Matteo*;26
2012;Knaben;Maximilian*;25
2012;Knaben;Niklas*;24
2012;Knaben;Paul*;23
2012;Knaben;Sebastian*;23
2012;Knaben;Julian*;22
2012;Knaben;Simon*;22
2012;Knaben;Emir*;18
2012;Knaben;Fabian*;18
2012;Knaben;Tobias*;18
2012;Knaben;Valentin*;18
2012;Knaben;Finn*;17
2012;Knaben;Leo*;16
2012;Knaben;Kilian*;15
2012;Knaben;Moritz*;15
2012;Knaben;Benjamin*;14
2012;Knaben;Florian*;14
2012;Knaben;Theo*;14
2012;Knaben;Alexander*;13
2012;Knaben;Emil*;13
2012;Knaben;Laurin*;13
2012;Knaben;Noel*;13
2012;Knaben;Vincent*;13
2012;Knaben;Berat*;11
2012;Knaben;Gabriel*;11
2012;Knaben;Johannes*;11
2012;Knaben;Liam*;11
2012;Knaben;Linus*;11
2012;Knaben;Ben*;10
2012;Knaben;Fabio*;10
2012;Knaben;Konstantin*;10
2012;Knaben;Nico*;10
2012;Knaben;Oskar*;10
2012;Knaben;Eliah*;9
2012;Knaben;Enes*;9
2012;Knaben;Leandro*;9
2012;Knaben;Mathias*;9
2012;Knaben;Philipp*;9
2012;Knaben;Clemens*;8
2012;Knaben;Daniel*;8
2012;Knaben;Ensar*;8
2012;Knaben;Jona*;8
2012;Knaben;Jonathan*;8
2012;Knaben;Mert*;8
2012;Knaben;Pius*;8
2012;Knaben;Benedikt*;7
2012;Knaben;Hannes*;7
2012;Knaben;Henry*;7
2012;Knaben;Kerem*;7
2012;Knaben;Laurenz*;7
2012;Knaben;Leonhard*;7
2012;Knaben;Lorenz*;7
2012;Knaben;Max*;7
2012;Knaben;Mikail*;7
2012;Knaben;Semih*;7
2012;Knaben;Timo*;7
2012;Knaben;Adrian*;6
2012;Knaben;Ahmet*;6
2012;Knaben;Anton*;6
2012;Knaben;Aurel*;6
2012;Knaben;Emilian*;6
2012;Knaben;Josef*;6
2012;Knaben;Kaan*;6
2012;Knaben;Magnus*;6
2012;Knaben;Manuel*;6
2012;Knaben;Michael*;6
2012;Knaben;Mirac*;6
2012;Knaben;Mustafa*;6
2012;Knaben;Tim*;6
2012;Knaben;Yusuf*;6
2012;Knaben;Ali*;5
2012;Knaben;Aras*;5
2012;Knaben;Burak*;5
2012;Knaben;Christian*;5
2012;Knaben;Colin*;5
2012;Knaben;Dominik*;5
2012;Knaben;Emanuel*;5
2012;Knaben;Erik*;5
2012;Knaben;Furkan*;5
2012;Knaben;Jason*;5
2012;Knaben;Leonardo*;5
2012;Knaben;Levin*;5
2012;Knaben;Malik*;5
2012;Knaben;Marius*;5
2012;Knaben;Mehmed*;5
2012;Knaben;Muhammed*;5
2012;Knaben;Nevio*;5
2012;Knaben;Pascal*;5
2012;Knaben;Sandro*;5
2013;Mädchen;Anna*;39
2013;Mädchen;Mia*;34
2013;Mädchen;Sophia*;31
2013;Mädchen;Emma*;29
2013;Mädchen;Emilia*;28
2013;Mädchen;Lina*;28
2013;Mädchen;Lena*;27
2013;Mädchen;Sarah*;26
2013;Mädchen;Luisa*;25
2013;Mädchen;Paula*;25
2013;Mädchen;Valentina*;25
2013;Mädchen;Ella*;24
2013;Mädchen;Hannah*;24
2013;Mädchen;Emily*;22
2013;Mädchen;Lara*;22
2013;Mädchen;Laura*;22
2013;Mädchen;Amelie*;21
2013;Mädchen;Lea*;21
2013;Mädchen;Johanna*;20
2013;Mädchen;Isabella*;19
2013;Mädchen;Katharina*;19
2013;Mädchen;Elisa*;18
2013;Mädchen;Ida*;17
2013;Mädchen;Leonie*;16
2013;Mädchen;Pia*;16
2013;Mädchen;Julia*;14
2013;Mädchen;Marie*;14
2013;Mädchen;Alina*;13
2013;Mädchen;Aurelia*;13
2013;Mädchen;Rosa*;13
2013;Mädchen;Frida*;12
2013;Mädchen;Greta*;12
2013;Mädchen;Sophie*;12
2013;Mädchen;Elena*;11
2013;Mädchen;Elina*;11
2013;Mädchen;Klara*;11
2013;Mädchen;Larissa*;11
2013;Mädchen;Mathilda*;11
2013;Mädchen;Livia*;10
2013;Mädchen;Nisa*;10
2013;Mädchen;Theresa*;10
2013;Mädchen;Zoe*;10
2013;Mädchen;Eva*;9
2013;Mädchen;Maya*;9
2013;Mädchen;Antonia*;8
2013;Mädchen;Clara*;8
2013;Mädchen;Lisa*;8
2013;Mädchen;Maria*;8
2013;Mädchen;Olivia*;8
2013;Mädchen;Zeynep*;8
2013;Mädchen;Aylin*;7
2013;Mädchen;Azra*;7
2013;Mädchen;Lia*;7
2013;Mädchen;Lilly*;7
2013;Mädchen;Maja*;7
2013;Mädchen;Melissa*;7
2013;Mädchen;Rosalie*;7
2013;Mädchen;Anika*;6
2013;Mädchen;Anja*;6
2013;Mädchen;Annika*;6
2013;Mädchen;Chiara*;6
2013;Mädchen;Esila*;6
2013;Mädchen;Jasmin*;6
2013;Mädchen;Lorena*;6
2013;Mädchen;Magdalena*;6
2013;Mädchen;Mayla*;6
2013;Mädchen;Nele*;6
2013;Mädchen;Nina*;6
2013;Mädchen;Nora*;6
2013;Mädchen;Stella*;6
2013;Mädchen;Asya*;5
2013;Mädchen;Carla*;5
2013;Mädchen;Elif*;5
2013;Mädchen;Finia*;5
2013;Mädchen;Flora*;5
2013;Mädchen;Helena*;5
2013;Mädchen;Melina*;5
2013;Mädchen;Meryem*;5
2013;Mädchen;Mina*;5
2013;Mädchen;Rebecca*;5
2013;Mädchen;Tabea*;5
2013;Mädchen;Viktoria*;5
2013;Knaben;Raphael*;36
2013;Knaben;Luis*;35
2013;Knaben;Elias*;34
2013;Knaben;David*;33
2013;Knaben;Paul*;31
2013;Knaben;Jakob*;28
2013;Knaben;Maximilian*;28
2013;Knaben;Leon*;27
2013;Knaben;Luca*;27
2013;Knaben;Jonas*;26
2013;Knaben;Julian*;25
2013;Knaben;Gabriel*;24
2013;Knaben;Noah*;24
2013;Knaben;Lukas*;23
2013;Knaben;Niklas*;22
2013;Knaben;Felix*;21
2013;Knaben;Finn*;20
2013;Knaben;Moritz*;20
2013;Knaben;Tobias*;20
2013;Knaben;Leo*;19
2013;Knaben;Johannes*;17
2013;Knaben;Laurin*;17
2013;Knaben;Linus*;17
2013;Knaben;Simon*;17
2013;Knaben;Emil*;15
2013;Knaben;Liam*;15
2013;Knaben;Samuel*;15
2013;Knaben;Adrian*;14
2013;Knaben;Alexander*;14
2013;Knaben;Fabio*;14
2013;Knaben;Kilian*;14
2013;Knaben;Benjamin*;13
2013;Knaben;Emir*;13
2013;Knaben;Fabian*;13
2013;Knaben;Matteo*;13
2013;Knaben;Sebastian*;13
2013;Knaben;Theo*;13
2013;Knaben;Valentin*;13
2013;Knaben;Yusuf*;13
2013;Knaben;Philipp*;12
2013;Knaben;Aaron*;11
2013;Knaben;Pius*;11
2013;Knaben;Ben*;10
2013;Knaben;Jannik*;10
2013;Knaben;Jonathan*;10
2013;Knaben;Levin*;10
2013;Knaben;Ömer*;10
2013;Knaben;Oskar*;10
2013;Knaben;Daniel*;9
2013;Knaben;Jan*;9
2013;Knaben;Max*;9
2013;Knaben;Tim*;9
2013;Knaben;Benedikt*;8
2013;Knaben;Berat*;8
2013;Knaben;Henry*;8
2013;Knaben;Kerem*;8
2013;Knaben;Marcel*;8
2013;Knaben;Michael*;8
2013;Knaben;Nico*;8
2013;Knaben;Vincent*;8
2013;Knaben;Deniz*;7
2013;Knaben;Jason*;7
2013;Knaben;Jona*;7
2013;Knaben;Lenny*;7
2013;Knaben;Mikail*;7
2013;Knaben;Noel*;7
2013;Knaben;Robin*;7
2013;Knaben;Timo*;7
2013;Knaben;Colin*;6
2013;Knaben;Erik*;6
2013;Knaben;Jamie*;6
2013;Knaben;Kevin*;6
2013;Knaben;Manuel*;6
2013;Knaben;Marco*;6
2013;Knaben;Mert*;6
2013;Knaben;Muhammed*;6
2013;Knaben;Nils*;6
2013;Knaben;Theodor*;6
2013;Knaben;Andreas*;5
2013;Knaben;Eliah*;5
2013;Knaben;Emanuel*;5
2013;Knaben;Emilio*;5
2013;Knaben;Ensar*;5
2013;Knaben;Julius*;5
2013;Knaben;Kerim;5
2013;Knaben;Leonardo*;5
2013;Knaben;Lionel*;5
2013;Knaben;Marvin*;5
2013;Knaben;Mathias*;5
2013;Knaben;Nevio*;5
2013;Knaben;Philip;5
2014;Mädchen;Sophia*;45
2014;Mädchen;Emilia*;40
2014;Mädchen;Anna*;38
2014;Mädchen;Mia*;36
2014;Mädchen;Emma*;34
2014;Mädchen;Luisa*;33
2014;Mädchen;Laura*;30
2014;Mädchen;Lina*;28
2014;Mädchen;Sarah*;27
2014;Mädchen;Emily*;26
2014;Mädchen;Marie*;26
2014;Mädchen;Johanna*;25
2014;Mädchen;Lena*;25
2014;Mädchen;Ida*;24
2014;Mädchen;Leonie*;22
2014;Mädchen;Hannah*;21
2014;Mädchen;Amelie*;19
2014;Mädchen;Julia*;19
2014;Mädchen;Ella*;18
2014;Mädchen;Mathilda*;18
2014;Mädchen;Sophie*;18
2014;Mädchen;Elena*;17
2014;Mädchen;Lara*;17
2014;Mädchen;Lea*;16
2014;Mädchen;Lisa*;16
2014;Mädchen;Pia*;16
2014;Mädchen;Katharina*;15
2014;Mädchen;Valentina*;15
2014;Mädchen;Zoe*;15
2014;Mädchen;Elif*;14
2014;Mädchen;Mira*;14
2014;Mädchen;Paula*;14
2014;Mädchen;Annika*;12
2014;Mädchen;Greta*;12
2014;Mädchen;Magdalena*;12
2014;Mädchen;Rosa*;12
2014;Mädchen;Frida*;11
2014;Mädchen;Theresa*;11
2014;Mädchen;Alina*;10
2014;Mädchen;Hira*;10
2014;Mädchen;Isabella*;10
2014;Mädchen;Viktoria*;10
2014;Mädchen;Elina*;9
2014;Mädchen;Lia*;9
2014;Mädchen;Lilly*;9
2014;Mädchen;Mina*;9
2014;Mädchen;Nisa*;9
2014;Mädchen;Nora*;9
2014;Mädchen;Elisa*;8
2014;Mädchen;Jana*;8
2014;Mädchen;Maria*;8
2014;Mädchen;Miriam*;8
2014;Mädchen;Ronja*;8
2014;Mädchen;Tabea*;8
2014;Mädchen;Zeynep*;8
2014;Mädchen;Antonia*;7
2014;Mädchen;Esma*;7
2014;Mädchen;Eva*;7
2014;Mädchen;Flora*;7
2014;Mädchen;Maja*;7
2014;Mädchen;Amrei*;6
2014;Mädchen;Aurelia*;6
2014;Mädchen;Beyza*;6
2014;Mädchen;Christina*;6
2014;Mädchen;Maya*;6
2014;Mädchen;Melina*;6
2014;Mädchen;Miray*;6
2014;Mädchen;Paulina*;6
2014;Mädchen;Vanessa*;6
2014;Mädchen;Amina*;5
2014;Mädchen;Amy*;5
2014;Mädchen;Angelina*;5
2014;Mädchen;Anja*;5
2014;Mädchen;Annalena*;5
2014;Mädchen;Kimberly;5
2014;Mädchen;Linda*;5
2014;Mädchen;Melissa*;5
2014;Mädchen;Nele*;5
2014;Knaben;Luis*;42
2014;Knaben;Noah*;39
2014;Knaben;Luca*;38
2014;Knaben;David*;36
2014;Knaben;Jakob*;35
2014;Knaben;Leon*;35
2014;Knaben;Felix*;32
2014;Knaben;Elias*;31
2014;Knaben;Raphael*;31
2014;Knaben;Samuel*;31
2014;Knaben;Jonas*;28
2014;Knaben;Lukas*;28
2014;Knaben;Maximilian*;26
2014;Knaben;Fabian*;23
2014;Knaben;Liam*;23
2014;Knaben;Linus*;21
2014;Knaben;Finn*;20
2014;Knaben;Matteo*;19
2014;Knaben;Paul*;19
2014;Knaben;Sebastian*;19
2014;Knaben;Alexander*;18
2014;Knaben;Julian*;18
2014;Knaben;Laurin*;18
2014;Knaben;Leo*;16
2014;Knaben;Tobias*;15
2014;Knaben;Valentin*;15
2014;Knaben;Anton*;14
2014;Knaben;Ben*;14
2014;Knaben;Gabriel*;14
2014;Knaben;Levin*;14
2014;Knaben;Theo*;14
2014;Knaben;Eliah*;13
2014;Knaben;Max*;13
2014;Knaben;Nico*;13
2014;Knaben;Simon*;13
2014;Knaben;Vincent*;13
2014;Knaben;Berat*;12
2014;Knaben;Kilian*;12
2014;Knaben;Aaron*;11
2014;Knaben;Emir*;11
2014;Knaben;Jonathan*;11
2014;Knaben;Julius*;11
2014;Knaben;Moritz*;11
2014;Knaben;Muhammed*;11
2014;Knaben;Robin*;11
2014;Knaben;Yusuf*;11
2014;Knaben;Adrian*;10
2014;Knaben;Johannes*;10
2014;Knaben;Pius*;10
2014;Knaben;Daniel*;9
2014;Knaben;Emil*;9
2014;Knaben;Konstantin*;9
2014;Knaben;Manuel*;9
2014;Knaben;Niklas*;9
2014;Knaben;Aras*;8
2014;Knaben;Benjamin*;8
2014;Knaben;Emilian*;8
2014;Knaben;Emilio*;8
2014;Knaben;Eymen*;8
2014;Knaben;Fabio*;8
2014;Knaben;Henry*;8
2014;Knaben;Magnus*;8
2014;Knaben;Oskar*;8
2014;Knaben;Christian*;7
2014;Knaben;Florian*;7
2014;Knaben;Jannik*;7
2014;Knaben;Michael*;7
2014;Knaben;Mikail*;7
2014;Knaben;Noel*;7
2014;Knaben;Sam*;7
2014;Knaben;Semih*;7
2014;Knaben;Theodor*;7
2014;Knaben;Adam*;6
2014;Knaben;Benedikt*;6
2014;Knaben;Clemens*;6
2014;Knaben;Constantin*;6
2014;Knaben;Damian*;6
2014;Knaben;Emanuel*;6
2014;Knaben;Leopold*;6
2014;Knaben;Levi*;6
2014;Knaben;Lionel*;6
2014;Knaben;Marco*;6
2014;Knaben;Marlon*;6
2014;Knaben;Nils*;6
2014;Knaben;Philipp*;6
2014;Knaben;Colin*;5
2014;Knaben;Erik*;5
2014;Knaben;Hannes*;5
2014;Knaben;Jodok*;5
2014;Knaben;Leander*;5
2014;Knaben;Leandro*;5
2014;Knaben;Lino*;5
2014;Knaben;Lorenz*;5
2014;Knaben;Mirac*;5
2014;Knaben;Talha*;5
2015;Mädchen;Sophia*;33
2015;Mädchen;Anna*;29
2015;Mädchen;Emma*;29
2015;Mädchen;Laura*;28
2015;Mädchen;Emilia*;25
2015;Mädchen;Lina*;25
2015;Mädchen;Mia*;24
2015;Mädchen;Ella*;19
2015;Mädchen;Johanna*;19
2015;Mädchen;Sophie*;18
2015;Mädchen;Ida*;17
2015;Mädchen;Lena*;17
2015;Mädchen;Leonie*;17
2015;Mädchen;Emily*;16
2015;Mädchen;Sarah*;16
2015;Mädchen;Greta*;15
2015;Mädchen;Hannah*;15
2015;Mädchen;Luisa*;15
2015;Mädchen;Valentina*;15
2015;Mädchen;Lea*;14
2015;Mädchen;Pia*;14
2015;Mädchen;Amelie*;13
2015;Mädchen;Elina*;12
2015;Mädchen;Julia*;12
2015;Mädchen;Marie*;12
2015;Mädchen;Mathilda*;12
2015;Mädchen;Paulina*;11
2015;Mädchen;Annika*;10
2015;Mädchen;Aurelia*;10
2015;Mädchen;Elif*;10
2015;Mädchen;Elisa*;10
2015;Mädchen;Emilia;10
2015;Mädchen;Emma;10
2015;Mädchen;Lara*;10
2015;Mädchen;Mia;10
2015;Mädchen;Nora*;9
2015;Mädchen;Anna;8
2015;Mädchen;Isabella*;8
2015;Mädchen;Jana*;8
2015;Mädchen;Magdalena*;8
2015;Mädchen;Paula*;8
2015;Mädchen;Aurelia;7
2015;Mädchen;Esila*;7
2015;Mädchen;Hanna;7
2015;Mädchen;Johanna;7
2015;Mädchen;Lea;7
2015;Mädchen;Leni*;7
2015;Mädchen;Linda*;7
2015;Mädchen;Rosa;7
2015;Mädchen;Sophia;7
2015;Mädchen;Zoe*;7
2015;Mädchen;Alina*;6
2015;Mädchen;Angelina*;6
2015;Mädchen;Clara*;6
2015;Mädchen;Elena;6
2015;Mädchen;Frida*;6
2015;Mädchen;Katharina*;6
2015;Mädchen;Larissa*;6
2015;Mädchen;Lina;6
2015;Mädchen;Mira*;6
2015;Mädchen;Miray*;6
2015;Mädchen;Ronja*;6
2015;Mädchen;Rosa*;6
2015;Mädchen;Rosalie*;6
2015;Mädchen;Selina*;6
2015;Mädchen;Stella*;6
2015;Mädchen;Alessia*;5
2015;Mädchen;Alisa*;5
2015;Mädchen;Amelie;5
2015;Mädchen;Eslem*;5
2015;Mädchen;Fatima*;5
2015;Mädchen;Flora*;5
2015;Mädchen;Hannah;5
2015;Mädchen;Ida;5
2015;Mädchen;Isabell*;5
2015;Mädchen;Klara;5
2015;Mädchen;Lilly*;5
2015;Mädchen;Lisa;5
2015;Mädchen;Lisa*;5
2015;Mädchen;Maria*;5
2015;Mädchen;Marie;5
2015;Mädchen;Mila*;5
2015;Mädchen;Mina*;5
2015;Mädchen;Nele*;5
2015;Mädchen;Nina;5
2015;Mädchen;Nisa*;5
2015;Mädchen;Nora;5
2015;Mädchen;Paula;5
2015;Mädchen;Theresa*;5
2015;Mädchen;Vanessa*;5
2015;Mädchen;Viktoria*;5
2015;Knaben;Jakob*;33
2015;Knaben;Luis*;28
2015;Knaben;Noah*;27
2015;Knaben;Paul*;27
2015;Knaben;Jonas*;26
2015;Knaben;David*;25
2015;Knaben;Elias*;25
2015;Knaben;Felix*;20
2015;Knaben;Leo*;17
2015;Knaben;Vincent*;17
2015;Knaben;Emil*;16
2015;Knaben;Linus*;16
2015;Knaben;Luca*;16
2015;Knaben;Maximilian;16
2015;Knaben;Maximilian*;16
2015;Knaben;Samuel*;16
2015;Knaben;Valentin*;16
2015;Knaben;Julian*;15
2015;Knaben;Lukas*;15
2015;Knaben;Moritz*;15
2015;Knaben;Tobias*;15
2015;Knaben;Matteo*;14
2015;Knaben;Noah;14
2015;Knaben;Aaron*;13
2015;Knaben;Leon*;13
2015;Knaben;Liam*;13
2015;Knaben;Luis;13
2015;Knaben;Nico*;13
2015;Knaben;Simon*;13
2015;Knaben;Anton*;12
2015;Knaben;David;12
2015;Knaben;Fabian*;12
2015;Knaben;Laurin*;12
2015;Knaben;Niklas*;12
2015;Knaben;Paul;12
2015;Knaben;Pius*;12
2015;Knaben;Raphael*;12
2015;Knaben;Jakob;11
2015;Knaben;Levin*;11
2015;Knaben;Sebastian*;11
2015;Knaben;Elias;10
2015;Knaben;Finn*;10
2015;Knaben;Gabriel*;10
2015;Knaben;Oskar*;10
2015;Knaben;Theo*;10
2015;Knaben;Adrian*;9
2015;Knaben;Finn;9
2015;Knaben;Alexander*;8
2015;Knaben;Emir*;8
2015;Knaben;Jonathan*;8
2015;Knaben;Kilian*;8
2015;Knaben;Mathias*;8
2015;Knaben;Tobias;8
2015;Knaben;Aaron;7
2015;Knaben;Ben*;7
2015;Knaben;Benjamin*;7
2015;Knaben;Florian*;7
2015;Knaben;Linus;7
2015;Knaben;Luca;7
2015;Knaben;Lukas;7
2015;Knaben;Noel*;7
2015;Knaben;Valentin;7
2015;Knaben;Vincent;7
2015;Knaben;Benedikt*;6
2015;Knaben;Daniel*;6
2015;Knaben;Dominik*;6
2015;Knaben;Gabriel;6
2015;Knaben;Jona*;6
2015;Knaben;Jonas;6
2015;Knaben;Julian;6
2015;Knaben;Julius*;6
2015;Knaben;Leon;6
2015;Knaben;Liam;6
2015;Knaben;Mahir*;6
2015;Knaben;Marko*;6
2015;Knaben;Max*;6
2015;Knaben;Mirac*;6
2015;Knaben;Muhammed*;6
2015;Knaben;Raphael;6
2015;Knaben;Samuel;6
2015;Knaben;Sebastian;6
2015;Knaben;Selim*;6
2015;Knaben;Tim*;6
2015;Knaben;Yusuf;6
2015;Knaben;Berat*;5
2015;Knaben;Emil;5
2015;Knaben;Eymen*;5
2015;Knaben;Fabio*;5
2015;Knaben;Frederik*;5
2015;Knaben;Hamza*;5
2015;Knaben;Konstantin*;5
2015;Knaben;Laurin;5
2015;Knaben;Leandro*;5
2015;Knaben;Leonard;5
2015;Knaben;Leonard*;5
2015;Knaben;Magnus;5
2015;Knaben;Mikail;5
2015;Knaben;Muhammad*;5
2015;Knaben;Mustafa;5
2015;Knaben;Niklas;5
2015;Knaben;Oskar;5
2015;Knaben;Tony*;5
2015;Knaben;Yusuf*;5
2016;Mädchen;Sophia*;42
2016;Mädchen;Emma*;33
2016;Mädchen;Anna*;30
2016;Mädchen;Mia*;27
2016;Mädchen;Hannah*;24
2016;Mädchen;Emilia*;23
2016;Mädchen;Johanna*;23
2016;Mädchen;Lena*;22
2016;Mädchen;Lina*;22
2016;Mädchen;Ella*;21
2016;Mädchen;Laura*;21
2016;Mädchen;Luisa*;20
2016;Mädchen;Sarah*;18
2016;Mädchen;Elena*;17
2016;Mädchen;Amelie*;16
2016;Mädchen;Frida*;16
2016;Mädchen;Mathilda*;16
2016;Mädchen;Valentina*;16
2016;Mädchen;Klara*;14
2016;Mädchen;Leonie*;14
2016;Mädchen;Marie*;13
2016;Mädchen;Sophia;13
2016;Mädchen;Greta*;12
2016;Mädchen;Pia*;12
2016;Mädchen;Lea*;11
2016;Mädchen;Paula*;11
2016;Mädchen;Rosa*;11
2016;Mädchen;Emily*;10
2016;Mädchen;Emma;10
2016;Mädchen;Julia*;10
2016;Mädchen;Lia*;10
2016;Mädchen;Rosa;10
2016;Mädchen;Sophie;10
2016;Mädchen;Sophie*;10
2016;Mädchen;Clara*;9
2016;Mädchen;Lara*;9
2016;Mädchen;Lisa*;9
2016;Mädchen;Maya*;9
2016;Mädchen;Annika*;8
2016;Mädchen;Elina*;8
2016;Mädchen;Elisa;8
2016;Mädchen;Elisa*;8
2016;Mädchen;Ella;8
2016;Mädchen;Emilia;8
2016;Mädchen;Hanna;8
2016;Mädchen;Helena*;8
2016;Mädchen;Livia*;8
2016;Mädchen;Mila*;8
2016;Mädchen;Nora*;8
2016;Mädchen;Theresa*;8
2016;Mädchen;Anna;7
2016;Mädchen;Aurelia*;7
2016;Mädchen;Ida*;7
2016;Mädchen;Isabella*;7
2016;Mädchen;Lorena*;7
2016;Mädchen;Mia;7
2016;Mädchen;Mira*;7
2016;Mädchen;Paulina*;7
2016;Mädchen;Valerie*;7
2016;Mädchen;Zeynep*;7
2016;Mädchen;Alina*;6
2016;Mädchen;Amalia*;6
2016;Mädchen;Antonia*;6
2016;Mädchen;Elena;6
2016;Mädchen;Emine;6
2016;Mädchen;Esila*;6
2016;Mädchen;Hannah;6
2016;Mädchen;Hira*;6
2016;Mädchen;Johanna;6
2016;Mädchen;Maria*;6
2016;Mädchen;Marie;6
2016;Mädchen;Miray*;6
2016;Mädchen;Nina*;6
2016;Mädchen;Rosalie*;6
2016;Mädchen;Viktoria*;6
2016;Mädchen;Elif*;5
2016;Mädchen;Esma*;5
2016;Mädchen;Eva*;5
2016;Mädchen;Frida;5
2016;Mädchen;Katharina*;5
2016;Mädchen;Leonie;5
2016;Mädchen;Linda*;5
2016;Mädchen;Melina*;5
2016;Mädchen;Mina*;5
2016;Mädchen;Olivia*;5
2016;Mädchen;Ronja*;5
2016;Mädchen;Zümra*;5
2016;Knaben;David*;35
2016;Knaben;Luis*;33
2016;Knaben;Paul*;31
2016;Knaben;Elias*;28
2016;Knaben;Jonas*;27
2016;Knaben;Leon*;27
2016;Knaben;Jakob*;25
2016;Knaben;Samuel*;25
2016;Knaben;Noah*;24
2016;Knaben;Leo*;23
2016;Knaben;Felix*;21
2016;Knaben;Max*;20
2016;Knaben;Luca*;19
2016;Knaben;Julian*;18
2016;Knaben;Lukas*;17
2016;Knaben;Theo*;17
2016;Knaben;Emil*;16
2016;Knaben;Raphael*;16
2016;Knaben;Tobias*;16
2016;Knaben;Valentin*;16
2016;Knaben;Matteo*;15
2016;Knaben;Moritz*;14
2016;Knaben;Pius*;14
2016;Knaben;Fabian*;13
2016;Knaben;Linus*;13
2016;Knaben;Maximilian*;12
2016;Knaben;Samuel;12
2016;Knaben;Simon*;12
2016;Knaben;Noah;11
2016;Knaben;Oskar*;11
2016;Knaben;Adrian*;10
2016;Knaben;David;10
2016;Knaben;Elias;10
2016;Knaben;Finn*;10
2016;Knaben;Jakob;10
2016;Knaben;Liam*;10
2016;Knaben;Ömer*;10
2016;Knaben;Alexander*;9
2016;Knaben;Anton*;9
2016;Knaben;Finn;9
2016;Knaben;Jonas;9
2016;Knaben;Laurin*;9
2016;Knaben;Niklas*;9
2016;Knaben;Paul;9
2016;Knaben;Vincent;9
2016;Knaben;Aaron*;8
2016;Knaben;Ben*;8
2016;Knaben;Florian*;8
2016;Knaben;Gabriel*;8
2016;Knaben;Jonathan*;8
2016;Knaben;Kilian;8
2016;Knaben;Liam;8
2016;Knaben;Maximilian;8
2016;Knaben;Benjamin*;7
2016;Knaben;Dominik*;7
2016;Knaben;Emir*;7
2016;Knaben;Felix;7
2016;Knaben;Julius*;7
2016;Knaben;Leon;7
2016;Knaben;Lorenz*;7
2016;Knaben;Tim*;7
2016;Knaben;Tobias;7
2016;Knaben;Benedikt*;6
2016;Knaben;Erik*;6
2016;Knaben;Eymen*;6
2016;Knaben;Fabio*;6
2016;Knaben;Ferdinand;6
2016;Knaben;Ferdinand*;6
2016;Knaben;Hannes*;6
2016;Knaben;Johannes*;6
2016;Knaben;Jona*;6
2016;Knaben;Leo;6
2016;Knaben;Louis;6
2016;Knaben;Lukas;6
2016;Knaben;Marvin*;6
2016;Knaben;Mert*;6
2016;Knaben;Sebastian*;6
2016;Knaben;Timo*;6
2016;Knaben;Vincent*;6
2016;Knaben;Yusuf*;6
2016;Knaben;Aaron;5
2016;Knaben;Adrian;5
2016;Knaben;Alexander;5
2016;Knaben;Amir*;5
2016;Knaben;Aras*;5
2016;Knaben;Clemens*;5
2016;Knaben;Daniel*;5
2016;Knaben;Eliah*;5
2016;Knaben;Emil;5
2016;Knaben;Hamza*;5
2016;Knaben;Julian;5
2016;Knaben;Laurin;5
2016;Knaben;Levin*;5
2016;Knaben;Lorenz;5
2016;Knaben;Luca;5
2016;Knaben;Manuel*;5
2016;Knaben;Mustafa*;5
2016;Knaben;Nico*;5
2016;Knaben;Oliver*;5
2016;Knaben;Philip;5
2016;Knaben;Raphael;5
2016;Knaben;Valentin;5
2017;Mädchen;Sophia*;39
2017;Mädchen;Hannah*;30
2017;Mädchen;Luisa*;28
2017;Mädchen;Emilia*;27
2017;Mädchen;Emma*;25
2017;Mädchen;Lina*;25
2017;Mädchen;Ella*;21
2017;Mädchen;Johanna*;21
2017;Mädchen;Valentina*;20
2017;Mädchen;Anna*;19
2017;Mädchen;Laura*;19
2017;Mädchen;Pia*;18
2017;Mädchen;Klara*;17
2017;Mädchen;Leonie*;17
2017;Mädchen;Amelie*;16
2017;Mädchen;Lara*;16
2017;Mädchen;Mia*;16
2017;Mädchen;Lena*;15
2017;Mädchen;Marie*;15
2017;Mädchen;Sarah*;15
2017;Mädchen;Elisa*;14
2017;Mädchen;Elena*;13
2017;Mädchen;Magdalena*;13
2017;Mädchen;Elif*;12
2017;Mädchen;Emma;12
2017;Mädchen;Lea*;12
2017;Mädchen;Paula*;11
2017;Mädchen;Anna;10
2017;Mädchen;Emilia;10
2017;Mädchen;Emily*;10
2017;Mädchen;Ida*;10
2017;Mädchen;Olivia*;10
2017;Mädchen;Paulina*;10
2017;Mädchen;Aurelia*;9
2017;Mädchen;Lina;9
2017;Mädchen;Mila*;9
2017;Mädchen;Rosa*;9
2017;Mädchen;Sophie*;9
2017;Mädchen;Azra*;8
2017;Mädchen;Isabella*;8
2017;Mädchen;Linda*;8
2017;Mädchen;Lorena*;8
2017;Mädchen;Lotta*;8
2017;Mädchen;Mathilda*;8
2017;Mädchen;Nora*;8
2017;Mädchen;Eva*;7
2017;Mädchen;Frida;7
2017;Mädchen;Frida*;7
2017;Mädchen;Greta;7
2017;Mädchen;Greta*;7
2017;Mädchen;Jana*;7
2017;Mädchen;Johanna;7
2017;Mädchen;Julia;7
2017;Mädchen;Julia*;7
2017;Mädchen;Katharina*;7
2017;Mädchen;Lea;7
2017;Mädchen;Leni*;7
2017;Mädchen;Lilly;7
2017;Mädchen;Luisa;7
2017;Mädchen;Maria;7
2017;Mädchen;Viktoria*;7
2017;Mädchen;Zoe*;7
2017;Mädchen;Antonia;6
2017;Mädchen;Chiara*;6
2017;Mädchen;Elina*;6
2017;Mädchen;Hira*;6
2017;Mädchen;Katharina;6
2017;Mädchen;Larissa*;6
2017;Mädchen;Lia*;6
2017;Mädchen;Lisa*;6
2017;Mädchen;Melina*;6
2017;Mädchen;Melissa*;6
2017;Mädchen;Mia;6
2017;Mädchen;Mira*;6
2017;Mädchen;Miray*;6
2017;Mädchen;Nisa*;6
2017;Mädchen;Paulina;6
2017;Mädchen;Theresa*;6
2017;Mädchen;Amelie;5
2017;Mädchen;Annika*;5
2017;Mädchen;Aurelia;5
2017;Mädchen;Clara;5
2017;Mädchen;Clara*;5
2017;Mädchen;Elena;5
2017;Mädchen;Erva*;5
2017;Mädchen;Fiona*;5
2017;Mädchen;Hanna;5
2017;Mädchen;Ida;5
2017;Mädchen;Lara;5
2017;Mädchen;Lia;5
2017;Mädchen;Lilly*;5
2017;Mädchen;Livia*;5
2017;Mädchen;Luna*;5
2017;Mädchen;Maja*;5
2017;Mädchen;Maria*;5
2017;Mädchen;Maya*;5
2017;Mädchen;Nina*;5
2017;Mädchen;Selina*;5
2017;Knaben;Matteo*;33
2017;Knaben;Luis*;30
2017;Knaben;Elias*;29
2017;Knaben;Noah*;29
2017;Knaben;Maximilian*;26
2017;Knaben;Jakob*;25
2017;Knaben;Felix*;23
2017;Knaben;David*;21
2017;Knaben;Paul*;21
2017;Knaben;Gabriel*;20
2017;Knaben;Jonas*;18
2017;Knaben;Valentin*;17
2017;Knaben;Julian*;16
2017;Knaben;Luca*;16
2017;Knaben;Leo*;15
2017;Knaben;Linus*;15
2017;Knaben;Lukas*;15
2017;Knaben;Noah;15
2017;Knaben;Samuel*;15
2017;Knaben;Emil*;14
2017;Knaben;Jakob;13
2017;Knaben;Niklas*;13
2017;Knaben;Tobias*;13
2017;Knaben;Felix;12
2017;Knaben;Finn*;12
2017;Knaben;Liam*;12
2017;Knaben;Max*;12
2017;Knaben;Raphael*;12
2017;Knaben;Anton*;11
2017;Knaben;Leon;11
2017;Knaben;Oskar*;11
2017;Knaben;Pius*;11
2017;Knaben;Adam*;10
2017;Knaben;Elias;10
2017;Knaben;Emil;10
2017;Knaben;Levin*;10
2017;Knaben;Lorenz*;10
2017;Knaben;Valentin;10
2017;Knaben;Daniel*;9
2017;Knaben;Finn;9
2017;Knaben;Jonathan*;9
2017;Knaben;Julian;9
2017;Knaben;Leo;9
2017;Knaben;Lukas;9
2017;Knaben;Moritz*;9
2017;Knaben;Simon*;9
2017;Knaben;Alexander*;8
2017;Knaben;Anton;8
2017;Knaben;Benjamin*;8
2017;Knaben;David;8
2017;Knaben;Florian;8
2017;Knaben;Laurin*;8
2017;Knaben;Leon*;8
2017;Knaben;Noel;8
2017;Knaben;Ömer*;8
2017;Knaben;Oskar;8
2017;Knaben;Paul;8
2017;Knaben;Aaron*;7
2017;Knaben;Adrian*;7
2017;Knaben;Ben*;7
2017;Knaben;Benedikt*;7
2017;Knaben;Bruno*;7
2017;Knaben;Eliah*;7
2017;Knaben;Fabian*;7
2017;Knaben;Florian*;7
2017;Knaben;Johannes*;7
2017;Knaben;Maximilian;7
2017;Knaben;Tobias;7
2017;Knaben;Vincent;7
2017;Knaben;Yusuf*;7
2017;Knaben;Alessio*;6
2017;Knaben;Jonas;6
2017;Knaben;Konstantin*;6
2017;Knaben;Liam;6
2017;Knaben;Linus;6
2017;Knaben;Muhammed*;6
2017;Knaben;Niklas;6
2017;Knaben;Pius;6
2017;Knaben;Theo*;6
2017;Knaben;Vincent*;6
2017;Knaben;Adrian;5
2017;Knaben;Andrei*;5
2017;Knaben;Ayaz*;5
2017;Knaben;Dominik*;5
2017;Knaben;Emir*;5
2017;Knaben;Filip*;5
2017;Knaben;Frederik*;5
2017;Knaben;Hamza*;5
2017;Knaben;Henry*;5
2017;Knaben;Josef*;5
2017;Knaben;Kuzey*;5
2017;Knaben;Leandro*;5
2017;Knaben;Levi;5
2017;Knaben;Lias*;5
2017;Knaben;Muhammed;5
2017;Knaben;Ömer;5
2017;Knaben;Theo;5
2017;Knaben;Tim*;5
2018;Mädchen;Hannah*;39
2018;Mädchen;Laura*;39
2018;Mädchen;Emma*;37
2018;Mädchen;Anna*;31
2018;Mädchen;Mia*;31
2018;Mädchen;Sophia*;31
2018;Mädchen;Lena*;30
2018;Mädchen;Emilia*;29
2018;Mädchen;Sarah*;29
2018;Mädchen;Ella*;28
2018;Mädchen;Klara*;26
2018;Mädchen;Lea*;26
2018;Mädchen;Lina*;26
2018;Mädchen;Luisa*;24
2018;Mädchen;Frida*;21
2018;Mädchen;Johanna*;21
2018;Mädchen;Marie*;21
2018;Mädchen;Ida*;20
2018;Mädchen;Leonie*;19
2018;Mädchen;Elisa*;18
2018;Mädchen;Emily*;18
2018;Mädchen;Rosa*;18
2018;Mädchen;Valentina*;18
2018;Mädchen;Mathilda*;17
2018;Mädchen;Greta*;16
2018;Mädchen;Helena*;16
2018;Mädchen;Lara*;16
2018;Mädchen;Lia*;16
2018;Mädchen;Aurelia*;15
2018;Mädchen;Sophie*;14
2018;Mädchen;Clara*;13
2018;Mädchen;Lisa*;13
2018;Mädchen;Mila*;13
2018;Mädchen;Elena*;12
2018;Mädchen;Elif*;12
2018;Mädchen;Elina*;12
2018;Mädchen;Lorena*;12
2018;Mädchen;Lotta*;12
2018;Mädchen;Magdalena*;12
2018;Mädchen;Maria*;12
2018;Mädchen;Paulina*;12
2018;Mädchen;Pia*;12
2018;Mädchen;Alya*;11
2018;Mädchen;Amelie*;11
2018;Mädchen;Nora*;11
2018;Mädchen;Julia*;10
2018;Mädchen;Olivia*;10
2018;Mädchen;Viktoria*;10
2018;Mädchen;Alina*;9
2018;Mädchen;Isabella*;9
2018;Mädchen;Paula*;9
2018;Mädchen;Annika*;8
2018;Mädchen;Flora*;8
2018;Mädchen;Josefine*;8
2018;Mädchen;Maja*;8
2018;Mädchen;Aylin*;7
2018;Mädchen;Filippa*;7
2018;Mädchen;Irma*;7
2018;Mädchen;Katharina*;7
2018;Mädchen;Melina*;7
2018;Mädchen;Nina*;7
2018;Mädchen;Rosalie*;7
2018;Mädchen;Valerie*;7
2018;Mädchen;Zeynep*;7
2018;Mädchen;Angelina*;6
2018;Mädchen;Cataleya*;6
2018;Mädchen;Charlotte*;6
2018;Mädchen;Ebrar*;6
2018;Mädchen;Fiona*;6
2018;Mädchen;Hira*;6
2018;Mädchen;Jana*;6
2018;Mädchen;Juna*;6
2018;Mädchen;Lejla*;6
2018;Mädchen;Linda*;6
2018;Mädchen;Marta*;6
2018;Mädchen;Melissa*;6
2018;Mädchen;Miriam*;6
2018;Mädchen;Selina*;6
2018;Mädchen;Valeria*;6
2018;Mädchen;Amalia*;5
2018;Mädchen;Annabell*;5
2018;Mädchen;Chiara*;5
2018;Mädchen;Diana*;5
2018;Mädchen;Elea*;5
2018;Mädchen;Eva*;5
2018;Mädchen;Fina*;5
2018;Mädchen;Hilal*;5
2018;Mädchen;Leni*;5
2018;Mädchen;Maya*;5
2018;Mädchen;Mina*;5
2018;Mädchen;Noemi*;5
2018;Mädchen;Romy*;5
2018;Mädchen;Ronja*;5
2018;Mädchen;Sena*;5
2018;Mädchen;Theresa*;5
2018;Mädchen;Zoe*;5
2018;Knaben;Paul*;41
2018;Knaben;Luis*;40
2018;Knaben;Noah*;38
2018;Knaben;Samuel*;36
2018;Knaben;David*;34
2018;Knaben;Jakob*;32
2018;Knaben;Elias*;30
2018;Knaben;Luca*;29
2018;Knaben;Leon*;28
2018;Knaben;Jonas*;25
2018;Knaben;Felix*;24
2018;Knaben;Oskar*;24
2018;Knaben;Linus*;22
2018;Knaben;Maximilian*;22
2018;Knaben;Matteo*;21
2018;Knaben;Finn*;20
2018;Knaben;Ben*;19
2018;Knaben;Emil*;19
2018;Knaben;Lukas*;19
2018;Knaben;Jonathan*;18
2018;Knaben;Niklas*;18
2018;Knaben;Simon*;18
2018;Knaben;Gabriel*;17
2018;Knaben;Leo*;17
2018;Knaben;Moritz*;17
2018;Knaben;Theo*;17
2018;Knaben;Tobias*;17
2018;Knaben;Vincent*;17
2018;Knaben;Anton*;16
2018;Knaben;Julian*;16
2018;Knaben;Kilian*;16
2018;Knaben;Liam*;16
2018;Knaben;Lorenz*;16
2018;Knaben;Raphael*;16
2018;Knaben;Alexander*;15
2018;Knaben;Johannes*;15
2018;Knaben;Valentin*;15
2018;Knaben;Aaron*;14
2018;Knaben;Benjamin*;14
2018;Knaben;Pius*;14
2018;Knaben;Jona*;13
2018;Knaben;Laurin*;13
2018;Knaben;Erik*;12
2018;Knaben;Fabian*;12
2018;Knaben;Fabio*;12
2018;Knaben;Johann*;12
2018;Knaben;Adrian*;11
2018;Knaben;Julius*;11
2018;Knaben;Konstantin*;11
2018;Knaben;Ali*;10
2018;Knaben;Emir*;10
2018;Knaben;Max*;10
2018;Knaben;Ömer*;10
2018;Knaben;Theodor*;10
2018;Knaben;Yigit*;10
2018;Knaben;Benedikt*;9
2018;Knaben;Eliah*;9
2018;Knaben;Leopold*;9
2018;Knaben;Nicolas*;9
2018;Knaben;Sebastian*;9
2018;Knaben;Timo*;9
2018;Knaben;Eymen*;8
2018;Knaben;Josef*;8
2018;Knaben;Nico*;8
2018;Knaben;Noel*;8
2018;Knaben;Alparslan;7
2018;Knaben;Aras*;7
2018;Knaben;Arthur*;7
2018;Knaben;Dominik*;7
2018;Knaben;Ediz*;7
2018;Knaben;Ferdinand*;7
2018;Knaben;Florian*;7
2018;Knaben;Hamza*;7
2018;Knaben;Henry*;7
2018;Knaben;Ilyas*;7
2018;Knaben;Jan*;7
2018;Knaben;Joshua*;7
2018;Knaben;Lionel*;7
2018;Knaben;Mathias*;7
2018;Knaben;Mert*;7
2018;Knaben;Philipp*;7
2018;Knaben;Yusuf*;7
2018;Knaben;Ertu?rul*;6
2018;Knaben;Jannik*;6
2018;Knaben;Lio*;6
2018;Knaben;Marlon*;6
2018;Knaben;Abdullah*;5
2018;Knaben;Berat*;5
2018;Knaben;Berkay*;5
2018;Knaben;Clemens*;5
2018;Knaben;Damian*;5
2018;Knaben;Daniel*;5
2018;Knaben;Kian*;5
2018;Knaben;Leonard*;5
2018;Knaben;Lian*;5
2018;Knaben;Malik*;5
2018;Knaben;Mark*;5
2018;Knaben;Mehmed*;5
2018;Knaben;Mirac*;5
2018;Knaben;Oliver*;5
2018;Knaben;Pirmin*;5
2018;Knaben;Robin*;5
2018;Knaben;Tim*;5
2018;Knaben;Wendelin*;5
2019;Mädchen;Hannah*;48
2019;Mädchen;Sophia*;41
2019;Mädchen;Mia*;32
2019;Mädchen;Ella*;30
2019;Mädchen;Luisa*;29
2019;Mädchen;Lina*;28
2019;Mädchen;Sarah*;28
2019;Mädchen;Emilia*;27
2019;Mädchen;Emma*;27
2019;Mädchen;Lena*;27
2019;Mädchen;Valentina*;27
2019;Mädchen;Laura*;26
2019;Mädchen;Lara*;25
2019;Mädchen;Lia*;24
2019;Mädchen;Amelie*;22
2019;Mädchen;Greta*;22
2019;Mädchen;Mathilda*;22
2019;Mädchen;Rosa*;22
2019;Mädchen;Frida*;21
2019;Mädchen;Ida*;21
2019;Mädchen;Leonie*;21
2019;Mädchen;Lea*;20
2019;Mädchen;Anna*;19
2019;Mädchen;Elina*;19
2019;Mädchen;Marie*;19
2019;Mädchen;Elisa*;17
2019;Mädchen;Magdalena*;17
2019;Mädchen;Nora*;17
2019;Mädchen;Elena*;16
2019;Mädchen;Johanna*;15
2019;Mädchen;Linda*;15
2019;Mädchen;Paulina*;15
2019;Mädchen;Emily*;14
2019;Mädchen;Klara*;14
2019;Mädchen;Mila*;13
2019;Mädchen;Pia*;13
2019;Mädchen;Ronja*;13
2019;Mädchen;Sophie*;13
2019;Mädchen;Alina*;12
2019;Mädchen;Alya*;12
2019;Mädchen;Flora*;12
2019;Mädchen;Olivia*;12
2019;Mädchen;Rosalie*;12
2019;Mädchen;Melissa*;11
2019;Mädchen;Lisa*;10
2019;Mädchen;Zeynep*;10
2019;Mädchen;Filippa*;9
2019;Mädchen;Lilly*;9
2019;Mädchen;Maria*;9
2019;Mädchen;Marta*;9
2019;Mädchen;Melina*;9
2019;Mädchen;Paula*;9
2019;Mädchen;Amalia*;8
2019;Mädchen;Clara*;8
2019;Mädchen;Mira*;8
2019;Mädchen;Zoe*;8
2019;Mädchen;Elif*;7
2019;Mädchen;Elisabeth*;7
2019;Mädchen;Elli*;7
2019;Mädchen;Jana*;7
2019;Mädchen;Maja*;7
2019;Mädchen;Mathea*;7
2019;Mädchen;Mina*;7
2019;Mädchen;Theresa*;7
2019;Mädchen;Valerie*;7
2019;Mädchen;Annika*;6
2019;Mädchen;Florentina*;6
2019;Mädchen;Isabella*;6
2019;Mädchen;Josefina*;6
2019;Mädchen;Julia*;6
2019;Mädchen;Lejla*;6
2019;Mädchen;Lorena*;6
2019;Mädchen;Maya*;6
2019;Mädchen;Miray*;6
2019;Mädchen;Mona*;6
2019;Mädchen;Romy*;6
2019;Mädchen;Selina*;6
2019;Mädchen;Sena*;6
2019;Mädchen;Alessia*;5
2019;Mädchen;Annabell*;5
2019;Mädchen;Aurelia*;5
2019;Mädchen;Aylin*;5
2019;Mädchen;Elsa*;5
2019;Mädchen;Finia*;5
2019;Mädchen;Hilda*;5
2019;Mädchen;Lenia*;5
2019;Mädchen;Meryem*;5
2019;Mädchen;Nele*;5
2019;Mädchen;Nina*;5
2019;Mädchen;Öykü*;5
2019;Mädchen;Stella*;5
2019;Mädchen;Viktoria*;5
2019;Knaben;Luis*;42
2019;Knaben;Noah*;37
2019;Knaben;Elias*;34
2019;Knaben;Jonas*;34
2019;Knaben;Matteo*;34
2019;Knaben;Maximilian*;33
2019;Knaben;Paul*;32
2019;Knaben;Leon*;28
2019;Knaben;Luca*;27
2019;Knaben;Theo*;27
2019;Knaben;Valentin*;27
2019;Knaben;Leo*;26
2019;Knaben;Samuel*;26
2019;Knaben;Jakob*;25
2019;Knaben;Ben*;23
2019;Knaben;Felix*;23
2019;Knaben;Moritz*;21
2019;Knaben;Aaron*;20
2019;Knaben;David*;20
2019;Knaben;Alexander*;19
2019;Knaben;Gabriel*;19
2019;Knaben;Anton*;18
2019;Knaben;Jonathan*;18
2019;Knaben;Liam*;18
2019;Knaben;Oskar*;18
2019;Knaben;Linus*;17
2019;Knaben;Henry*;16
2019;Knaben;Lukas*;16
2019;Knaben;Pius*;16
2019;Knaben;Raphael*;16
2019;Knaben;Vincent*;16
2019;Knaben;Emil*;15
2019;Knaben;Laurin*;15
2019;Knaben;Adrian*;14
2019;Knaben;Finn*;14
2019;Knaben;Jona*;14
2019;Knaben;Lorenz*;14
2019;Knaben;Max*;13
2019;Knaben;Benjamin*;12
2019;Knaben;Fabian*;12
2019;Knaben;Johannes*;12
2019;Knaben;Julius*;12
2019;Knaben;Leopold*;12
2019;Knaben;Ömer*;12
2019;Knaben;Simon*;12
2019;Knaben;Tobias*;12
2019;Knaben;Emilio*;11
2019;Knaben;Julian*;11
2019;Knaben;Kilian*;11
2019;Knaben;Niklas*;11
2019;Knaben;Ali*;10
2019;Knaben;Arthur*;10
2019;Knaben;Josef*;10
2019;Knaben;Leander*;10
2019;Knaben;Noel*;10
2019;Knaben;Bruno*;9
2019;Knaben;Dominik*;9
2019;Knaben;Malik*;9
2019;Knaben;Mirac*;9
2019;Knaben;Sebastian*;9
2019;Knaben;Yusuf*;9
2019;Knaben;Dario*;8
2019;Knaben;Eliah*;8
2019;Knaben;Emir*;8
2019;Knaben;Erik*;8
2019;Knaben;Eymen*;8
2019;Knaben;Magnus*;8
2019;Knaben;Theodor*;8
2019;Knaben;Wendelin*;8
2019;Knaben;Albert*;7
2019;Knaben;Ferdinand*;7
2019;Knaben;Florian*;7
2019;Knaben;Konstantin*;7
2019;Knaben;Lian*;7
2019;Knaben;Lio*;7
2019;Knaben;Timo*;7
2019;Knaben;Can*;6
2019;Knaben;Daniel*;6
2019;Knaben;Fabio*;6
2019;Knaben;Hannes*;6
2019;Knaben;Johann*;6
2019;Knaben;Kaan*;6
2019;Knaben;Kerem*;6
2019;Knaben;Konrad*;6
2019;Knaben;Levi*;6
2019;Knaben;Miran*;6
2019;Knaben;Mohammad*;6
2019;Knaben;Nico*;6
2019;Knaben;Omar*;6
2019;Knaben;Adam*;5
2019;Knaben;Alessio*;5
2019;Knaben;Aurel*;5
2019;Knaben;Benedikt*;5
2019;Knaben;Deniz*;5
2019;Knaben;Filip*;5
2019;Knaben;Fridolin*;5
2019;Knaben;Hamza*;5
2019;Knaben;Jodok*;5
2019;Knaben;Leano*;5
2019;Knaben;Levin*;5
2019;Knaben;Ludwig*;5
2019;Knaben;Marius*;5
2019;Knaben;Mathias*;5
2019;Knaben;Mert*;5
2019;Knaben;Muhammed*;5
2019;Knaben;Nicolas*;5
2019;Knaben;Peter*;5
2019;Knaben;Philipp*;5
2019;Knaben;Robin*;5
2019;Knaben;Silas*;5
2019;Knaben;Yigit*;5
2020;Mädchen;Sophia*;43
2020;Mädchen;Emma*;41
2020;Mädchen;Anna*;33
2020;Mädchen;Emilia*;32
2020;Mädchen;Hannah*;32
2020;Mädchen;Mia*;32
2020;Mädchen;Lina*;30
2020;Mädchen;Laura*;28
2020;Mädchen;Lea*;28
2020;Mädchen;Leonie*;28
2020;Mädchen;Marie*;27
2020;Mädchen;Valentina*;26
2020;Mädchen;Ella*;25
2020;Mädchen;Lena*;25
2020;Mädchen;Luisa*;22
2020;Mädchen;Sarah*;19
2020;Mädchen;Lara*;18
2020;Mädchen;Mila*;18
2020;Mädchen;Sophie*;18
2020;Mädchen;Ida*;16
2020;Mädchen;Johanna*;16
2020;Mädchen;Klara*;16
2020;Mädchen;Mathilda*;16
2020;Mädchen;Olivia*;16
2020;Mädchen;Amelie*;15
2020;Mädchen;Rosa*;15
2020;Mädchen;Lia*;14
2020;Mädchen;Melina*;14
2020;Mädchen;Pia*;14
2020;Mädchen;Annika*;13
2020;Mädchen;Flora*;13
2020;Mädchen;Linda*;13
2020;Mädchen;Alya*;12
2020;Mädchen;Elisa*;12
2020;Mädchen;Emily*;12
2020;Mädchen;Frida*;12
2020;Mädchen;Isabella*;12
2020;Mädchen;Lotta*;12
2020;Mädchen;Magdalena*;12
2020;Mädchen;Alma*;11
2020;Mädchen;Aurelia*;11
2020;Mädchen;Julia*;11
2020;Mädchen;Lilly*;11
2020;Mädchen;Maria*;10
2020;Mädchen;Nora*;10
2020;Mädchen;Paula*;10
2020;Mädchen;Rosalie*;10
2020;Mädchen;Zoe*;10
2020;Mädchen;Clara*;9
2020;Mädchen;Elina*;9
2020;Mädchen;Helena*;9
2020;Mädchen;Leni*;9
2020;Mädchen;Lisa*;9
2020;Mädchen;Mathea*;9
2020;Mädchen;Valeria*;9
2020;Mädchen;Elena*;8
2020;Mädchen;Eva*;8
2020;Mädchen;Lorena*;8
2020;Mädchen;Maya*;8
2020;Mädchen;Mina*;8
2020;Mädchen;Alina*;7
2020;Mädchen;Annabell*;7
2020;Mädchen;Antonia*;7
2020;Mädchen;Elif*;7
2020;Mädchen;Luana*;7
2020;Mädchen;Maja*;7
2020;Mädchen;Miray*;7
2020;Mädchen;Paulina*;7
2020;Mädchen;Theresa*;7
2020;Mädchen;Asel*;6
2020;Mädchen;Asya*;6
2020;Mädchen;Charlotte*;6
2020;Mädchen;Livia*;6
2020;Mädchen;Lucia*;6
2020;Mädchen;Mona*;6
2020;Mädchen;Romy*;6
2020;Mädchen;Ronja*;6
2020;Mädchen;Amalia*;5
2020;Mädchen;Amilia*;5
2020;Mädchen;Azra*;5
2020;Mädchen;Eleonora*;5
2020;Mädchen;Esma*;5
2020;Mädchen;Fina*;5
2020;Mädchen;Fiona*;5
2020;Mädchen;Greta*;5
2020;Mädchen;Katharina*;5
2020;Mädchen;Larissa*;5
2020;Mädchen;Lejla*;5
2020;Mädchen;Malea*;5
2020;Mädchen;Marta*;5
2020;Mädchen;Melissa*;5
2020;Mädchen;Milena*;5
2020;Mädchen;Theodora*;5
2020;Mädchen;Viktoria*;5
2020;Mädchen;Zeynep*;5
2020;Knaben;Luis*;50
2020;Knaben;Noah*;36
2020;Knaben;Jakob*;35
2020;Knaben;Matteo*;35
2020;Knaben;Jonas*;33
2020;Knaben;Leon*;33
2020;Knaben;Elias*;31
2020;Knaben;Paul*;31
2020;Knaben;David*;27
2020;Knaben;Felix*;26
2020;Knaben;Lukas*;25
2020;Knaben;Samuel*;24
2020;Knaben;Theo*;23
2020;Knaben;Valentin*;23
2020;Knaben;Luca*;22
2020;Knaben;Leo*;21
2020;Knaben;Maximilian*;20
2020;Knaben;Vincent*;20
2020;Knaben;Moritz*;19
2020;Knaben;Emil*;18
2020;Knaben;Finn*;18
2020;Knaben;Liam*;18
2020;Knaben;Pius*;18
2020;Knaben;Raphael*;18
2020;Knaben;Anton*;17
2020;Knaben;Laurin*;17
2020;Knaben;Ben*;16
2020;Knaben;Henry*;16
2020;Knaben;Jonathan*;16
2020;Knaben;Julius*;16
2020;Knaben;Kilian*;16
2020;Knaben;Aaron*;15
2020;Knaben;Oskar*;15
2020;Knaben;Leopold*;14
2020;Knaben;Linus*;14
2020;Knaben;Max*;14
2020;Knaben;Adrian*;13
2020;Knaben;Josef*;13
2020;Knaben;Alexander*;12
2020;Knaben;Benjamin*;12
2020;Knaben;Johann*;12
2020;Knaben;Johannes*;12
2020;Knaben;Julian*;12
2020;Knaben;Adam*;11
2020;Knaben;Leander*;11
2020;Knaben;Clemens*;10
2020;Knaben;Fabio*;10
2020;Knaben;Leonard*;10
2020;Knaben;Lio*;10
2020;Knaben;Niklas*;10
2020;Knaben;Viktor*;10
2020;Knaben;Aurel*;9
2020;Knaben;Daniel*;9
2020;Knaben;Eliah*;9
2020;Knaben;Levin*;9
2020;Knaben;Lorenz*;9
2020;Knaben;Aras*;8
2020;Knaben;Arian*;8
2020;Knaben;Arthur*;8
2020;Knaben;Constantin*;8
2020;Knaben;Fabian*;8
2020;Knaben;Ferdinand*;8
2020;Knaben;Gabriel*;8
2020;Knaben;Jodok*;8
2020;Knaben;Jona*;8
2020;Knaben;Kerem*;8
2020;Knaben;Miran*;8
2020;Knaben;Bruno*;7
2020;Knaben;Damian*;7
2020;Knaben;Emilio*;7
2020;Knaben;Kaan*;7
2020;Knaben;Muhammed*;7
2020;Knaben;Simon*;7
2020;Knaben;Yusuf*;7
2020;Knaben;Emir*;6
2020;Knaben;Erik*;6
2020;Knaben;Florian*;6
2020;Knaben;Hannes*;6
2020;Knaben;Ilyas*;6
2020;Knaben;Konstantin*;6
2020;Knaben;Leano*;6
2020;Knaben;Levi*;6
2020;Knaben;Manuel*;6
2020;Knaben;Mert*;6
2020;Knaben;Nico*;6
2020;Knaben;Timo*;6
2020;Knaben;Tobias*;6
2020;Knaben;Valerian*;6
2020;Knaben;Ali*;5
2020;Knaben;Andrei*;5
2020;Knaben;Benedikt*;5
2020;Knaben;Eymen*;5
2020;Knaben;Frederik*;5
2020;Knaben;Fridolin*;5
2020;Knaben;Jannik*;5
2020;Knaben;Lionel*;5
2020;Knaben;Marius*;5
2020;Knaben;Mehmed*;5
2020;Knaben;Mete;5
2020;Knaben;Metehan;5
2020;Knaben;Mirac*;5
2020;Knaben;Muhammad*;5
2020;Knaben;Nikolai*;5
2020;Knaben;Noel*;5
2020;Knaben;Robin*;5
2020;Knaben;Theodor*;5
2020;Knaben;Tim*;5
